사고번호,사고일시,요일,시군구,사고내용,사망자수,중상자수,경상자수,부상신고자수,사고유형,법규위반,노면상태,기상상태,도로형태,가해운전자 차종,가해운전자 성별,가해운전자 연령,가해운전자 상해정도,피해운전자 차종,피해운전자 성별,피해운전자 연령,피해운전자 상해정도
2014081400100619,2014년 8월 14일 21시,목요일,세종특별자치시 세종특별자치시 새롬동,경상사고,0,0,1,0,차대차 - 기타,안전운전불이행,습기,비,교차로 - 교차로부근,승용,남,45세,상해없음,승용,남,37세,경상
2014081500100205,2014년 8월 15일 10시,금요일,세종특별자치시 세종특별자치시 부강면,경상사고,0,0,2,0,차대차 - 기타,안전운전불이행,건조,맑음,단일로 - 기타,승용,남,66세,상해없음,원동기,남,78세,경상
2014081500100506,2014년 8월 15일 19시,금요일,세종특별자치시 세종특별자치시 부강면,경상사고,0,0,2,0,차대차 - 기타,안전운전불이행,건조,흐림,단일로 - 기타,승용,남,50세,상해없음,승용,남,39세,기타불명
2014081600100542,2014년 8월 16일 21시,토요일,세종특별자치시 세종특별자치시 조치원읍,중상사고,0,1,0,0,차대사람 - 횡단중,안전운전불이행,건조,맑음,단일로 - 기타,승용,남,27세,상해없음,보행자,여,75세,중상
2014081800100124,2014년 8월 18일 08시,월요일,세종특별자치시 세종특별자치시 조치원읍,중상사고,0,1,2,0,차대차 - 기타,직진우회전진행방해,기타,비,교차로 - 교차로부근,승용,여,31세,경상,승합,남,39세,경상
2014081800100280,2014년 8월 18일 13시,월요일,세종특별자치시 세종특별자치시 조치원읍,중상사고,0,1,0,0,차대차 - 측면직각충돌,차로위반,건조,맑음,단일로 - 기타,자전거,여,75세,중상,승용,남,66세,상해없음
2014081900100089,2014년 8월 19일 04시,화요일,세종특별자치시 세종특별자치시 어진동,경상사고,0,0,1,0,차대차 - 측면직각충돌,직진우회전진행방해,습기,비,교차로 - 교차로안,승용,남,49세,경상,특수,남,41세,상해없음
2014082000100504,2014년 8월 20일 20시,수요일,세종특별자치시 세종특별자치시 연서면,중상사고,0,1,0,0,차대차 - 기타,안전운전불이행,습기,비,단일로 - 기타,승용,남,28세,중상,승용,남,27세,상해없음
2014082100100408,2014년 8월 21일 16시,목요일,세종특별자치시 세종특별자치시 가람동,중상사고,0,1,0,0,차대차 - 기타,신호위반,건조,맑음,교차로 - 교차로부근,승용,여,32세,상해없음,승용,여,36세,중상
2014082200100148,2014년 8월 22일 08시,금요일,세종특별자치시 세종특별자치시 장군면,경상사고,0,0,1,0,차대차 - 측면직각충돌,안전거리미확보,건조,맑음,단일로 - 기타,화물,남,51세,상해없음,승용,여,51세,경상
2014082200100298,2014년 8월 22일 13시,금요일,세종특별자치시 세종특별자치시 한솔동,중상사고,0,1,0,0,차대사람 - 기타,안전운전불이행,건조,맑음,단일로 - 기타,자전거,남,19세,상해없음,보행자,여,79세,중상
2014082300100017,2014년 8월 23일 00시,토요일,세종특별자치시 세종특별자치시 도담동,경상사고,0,0,2,0,차대차 - 측면직각충돌,직진우회전진행방해,건조,맑음,교차로 - 교차로안,승용,남,48세,경상,승용,남,32세,경상
2014082400100253,2014년 8월 24일 14시,일요일,세종특별자치시 세종특별자치시 아름동,경상사고,0,0,2,0,차대차 - 측면직각충돌,신호위반,건조,맑음,교차로 - 교차로안,승용,여,47세,상해없음,승용,여,31세,경상
2014082700100014,2014년 8월 27일 00시,수요일,세종특별자치시 세종특별자치시 조치원읍,경상사고,0,0,1,0,차대사람 - 기타,안전운전불이행,건조,맑음,교차로 - 교차로부근,승용,여,60세,상해없음,보행자,남,40세,경상
2014082700100317,2014년 8월 27일 14시,수요일,세종특별자치시 세종특별자치시 연기면,중상사고,0,1,4,1,차대차 - 기타,안전운전불이행,건조,맑음,단일로 - 기타,승용,여,38세,경상,승합,남,44세,경상
2014082700100536,2014년 8월 27일 19시,수요일,세종특별자치시 세종특별자치시 조치원읍,경상사고,0,0,1,0,차대사람 - 차도통행중,안전운전불이행,건조,맑음,교차로 - 교차로안,원동기,남,24세,상해없음,보행자,여,58세,경상
2014082900100191,2014년 8월 29일 10시,금요일,세종특별자치시 세종특별자치시 장군면,중상사고,0,1,1,0,차대차 - 기타,차로위반,건조,맑음,단일로 - 기타,건설기계,남,62세,경상,승용,여,53세,중상
2014082900100718,2014년 8월 29일 23시,금요일,세종특별자치시 세종특별자치시 새롬동,경상사고,0,0,5,0,차대차 - 추돌 - 진행중,안전운전불이행,건조,맑음,단일로 - 교량,승용,여,29세,경상,승용,여,49세,경상
2014083000100446,2014년 8월 30일 15시,토요일,세종특별자치시 세종특별자치시 어진동,중상사고,0,1,4,0,차대차 - 측면직각충돌,직진우회전진행방해,건조,맑음,교차로 - 교차로안,승용,남,46세,경상,건설기계,남,46세,경상
2014083100100109,2014년 8월 31일 07시,일요일,세종특별자치시 세종특별자치시 어진동,경상사고,0,0,2,0,차대차 - 측면직각충돌,신호위반,건조,맑음,교차로 - 교차로안,승용,여,35세,상해없음,승합,여,43세,경상
2014083100100412,2014년 8월 31일 18시,일요일,세종특별자치시 세종특별자치시 연서면,중상사고,0,1,0,0,차대차 - 추돌 - 주정차중,안전운전불이행,건조,맑음,단일로 - 기타,승용,남,52세,상해없음,승용,여,53세,중상
2014090100100525,2014년 9월 1일 18시,월요일,세종특별자치시 세종특별자치시 부강면,경상사고,0,0,2,0,차대차 - 기타,신호위반,건조,맑음,교차로 - 교차로안,승용,남,47세,경상,승용,남,47세,경상
2014090100100526,2014년 9월 1일 18시,월요일,세종특별자치시 세종특별자치시 금남면,경상사고,0,0,1,0,차대사람 - 기타,안전운전불이행,건조,맑음,교차로 - 교차로부근,승합,남,41세,상해없음,보행자,여,48세,경상
2014090200100372,2014년 9월 2일 15시,화요일,세종특별자치시 세종특별자치시 조치원읍,경상사고,0,0,1,0,차대사람 - 횡단중,안전운전불이행,건조,맑음,단일로 - 기타,화물,남,58세,상해없음,보행자,남,6세,경상
2014090200100514,2014년 9월 2일 18시,화요일,세종특별자치시 세종특별자치시 금남면,경상사고,0,0,2,0,차대차 - 추돌 - 진행중,안전운전불이행,습기,비,단일로 - 기타,화물,남,55세,상해없음,승용,남,36세,경상
2014090300100705,2014년 9월 3일 22시,수요일,세종특별자치시 세종특별자치시 소정면,중상사고,0,2,0,0,차대차 - 추돌 - 주정차중,안전거리미확보,건조,맑음,교차로 - 교차로부근,승용,남,38세,상해없음,승용,남,31세,중상
2014090600100356,2014년 9월 6일 14시,토요일,세종특별자치시 세종특별자치시 연기면,경상사고,0,0,1,0,차대차 - 측면직각충돌,신호위반,건조,맑음,교차로 - 교차로안,이륜,남,79세,경상,승용,남,63세,상해없음
2014090600100480,2014년 9월 6일 17시,토요일,세종특별자치시 세종특별자치시 연서면,중상사고,0,1,0,0,차대차 - 측면직각충돌,안전거리미확보,건조,맑음,단일로 - 기타,승용,여,42세,상해없음,자전거,여,73세,중상
2014090600100508,2014년 9월 6일 18시,토요일,세종특별자치시 세종특별자치시 조치원읍,중상사고,0,1,0,0,차대차 - 기타,안전운전불이행,건조,맑음,교차로 - 교차로부근,화물,남,51세,상해없음,원동기,남,19세,중상
2014090600100541,2014년 9월 6일 19시,토요일,세종특별자치시 세종특별자치시 부강면,중상사고,0,3,2,0,차대차 - 기타,교차로운행방법위반,건조,맑음,교차로 - 교차로안,승용,남,25세,상해없음,승합,남,53세,상해없음
2014090700100307,2014년 9월 7일 16시,일요일,세종특별자치시 세종특별자치시 조치원읍,중상사고,0,1,0,0,차대사람 - 차도통행중,안전운전불이행,건조,맑음,교차로 - 교차로안,승용,여,42세,상해없음,보행자,여,80세,중상
2014090700100417,2014년 9월 7일 20시,일요일,세종특별자치시 세종특별자치시 부강면,경상사고,0,0,1,0,차대사람 - 기타,안전운전불이행,기타,맑음,단일로 - 기타,승합,남,51세,상해없음,보행자,남,53세,경상
2014090800100080,2014년 9월 8일 09시,월요일,세종특별자치시 세종특별자치시 새롬동,중상사고,0,2,3,0,차대차 - 추돌 - 진행중,안전거리미확보,건조,맑음,단일로 - 기타,승용,여,45세,상해없음,승용,남,45세,중상
2014090800100406,2014년 9월 8일 21시,월요일,세종특별자치시 세종특별자치시 연동면,경상사고,0,0,1,0,차량단독 - 전도전복,안전운전불이행,건조,맑음,단일로 - 기타,이륜,남,41세,경상,,,,
2014090900100035,2014년 9월 9일 03시,화요일,세종특별자치시 세종특별자치시 어진동,중상사고,0,2,0,0,차대차 - 측면직각충돌,직진우회전진행방해,건조,맑음,교차로 - 교차로안,화물,남,55세,중상,승용,남,66세,중상
2014091000100386,2014년 9월 10일 18시,수요일,세종특별자치시 세종특별자치시 연동면,중상사고,0,1,0,0,차대차 - 측면직각충돌,안전운전불이행,건조,맑음,단일로 - 기타,승합,여,49세,상해없음,자전거,여,66세,중상
2014091100100238,2014년 9월 11일 11시,목요일,세종특별자치시 세종특별자치시 도담동,경상사고,0,0,1,0,차대차 - 측면직각충돌,신호위반,건조,맑음,교차로 - 교차로안,승용,남,42세,상해없음,승용,남,49세,경상
2014091100100291,2014년 9월 11일 13시,목요일,세종특별자치시 세종특별자치시 조치원읍,중상사고,0,1,0,0,차량단독 - 도로외이탈 - 추락,안전운전불이행,건조,맑음,단일로 - 기타,이륜,남,74세,중상,,,,
2014091200100208,2014년 9월 12일 11시,금요일,세종특별자치시 세종특별자치시 조치원읍,사망사고,1,1,0,0,차대차 - 측면직각충돌,직진우회전진행방해,건조,맑음,교차로 - 교차로안,승용,남,53세,상해없음,원동기,남,67세,사망
2014091500100013,2014년 9월 15일 01시,월요일,세종특별자치시 세종특별자치시 조치원읍,중상사고,0,4,0,0,차대차 - 측면직각충돌,안전운전불이행,건조,맑음,교차로 - 교차로부근,승용,남,48세,중상,승용,남,30세,중상
2014091500100091,2014년 9월 15일 08시,월요일,세종특별자치시 세종특별자치시 전의면,중상사고,0,2,0,0,차대차 - 측면직각충돌,신호위반,건조,맑음,교차로 - 교차로안,원동기,남,78세,중상,승용,여,54세,중상
2014091600100342,2014년 9월 16일 16시,화요일,세종특별자치시 세종특별자치시 연기면,경상사고,0,0,2,0,차대차 - 측면직각충돌,중앙선침범,건조,맑음,단일로 - 기타,화물,남,45세,경상,승용,여,51세,경상
2014091600100421,2014년 9월 16일 18시,화요일,세종특별자치시 세종특별자치시 전동면,중상사고,0,1,0,0,차대차 - 정면충돌,중앙선침범,건조,맑음,단일로 - 기타,승용,남,28세,상해없음,승용,남,60세,중상
2014091600100512,2014년 9월 16일 21시,화요일,세종특별자치시 세종특별자치시 어진동,중상사고,0,1,0,0,차대차 - 기타,신호위반,건조,맑음,교차로 - 교차로안,승용,남,31세,상해없음,승용,여,44세,중상
2014091700100456,2014년 9월 17일 18시,수요일,세종특별자치시 세종특별자치시 전의면,중상사고,0,1,0,0,차대차 - 기타,중앙선침범,건조,맑음,교차로 - 교차로부근,승용,남,50세,상해없음,원동기,남,62세,중상
2014091800100308,2014년 9월 18일 14시,목요일,세종특별자치시 세종특별자치시 한솔동,경상사고,0,0,1,0,차대차 - 추돌 - 진행중,안전운전불이행,건조,맑음,교차로 - 교차로부근,승용,여,51세,상해없음,원동기,남,28세,경상
2014091900100250,2014년 9월 19일 11시,금요일,세종특별자치시 세종특별자치시 전의면,경상사고,0,0,1,0,차대사람 - 기타,안전운전불이행,건조,맑음,교차로 - 교차로안,승용,남,60세,상해없음,보행자,남,52세,경상
2014091900100415,2014년 9월 19일 16시,금요일,세종특별자치시 세종특별자치시 새롬동,중상사고,0,1,0,0,차대차 - 기타,안전운전불이행,건조,맑음,교차로 - 교차로부근,승용,남,35세,중상,건설기계,남,56세,상해없음
2014091900100613,2014년 9월 19일 20시,금요일,세종특별자치시 세종특별자치시 조치원읍,중상사고,0,1,0,0,차대사람 - 횡단중,보행자보호의무위반,건조,맑음,단일로 - 횡단보도상,승용,남,22세,상해없음,보행자,여,21세,중상
2014092100100570,2014년 9월 21일 23시,일요일,세종특별자치시 세종특별자치시 나성동,중상사고,0,1,0,0,차대차 - 측면직각충돌,직진우회전진행방해,건조,맑음,교차로 - 교차로안,승용,여,29세,상해없음,원동기,남,31세,중상
2014092300100154,2014년 9월 23일 08시,화요일,세종특별자치시 세종특별자치시 조치원읍,중상사고,0,1,0,0,차대차 - 기타,안전운전불이행,건조,맑음,교차로 - 교차로안,승합,남,56세,상해없음,자전거,남,74세,중상
2014092400100350,2014년 9월 24일 13시,수요일,세종특별자치시 세종특별자치시 조치원읍,경상사고,0,0,1,1,차대사람 - 횡단중,안전운전불이행,습기,비,단일로 - 기타,원동기,남,32세,부상신고,보행자,남,75세,경상
2014092600100441,2014년 9월 26일 17시,금요일,세종특별자치시 세종특별자치시 부강면,경상사고,0,0,1,0,차대사람 - 횡단중,안전운전불이행,건조,맑음,단일로 - 기타,화물,남,49세,상해없음,보행자,남,64세,경상
2014092900100479,2014년 9월 29일 18시,월요일,세종특별자치시 세종특별자치시 부강면,중상사고,0,1,0,0,차대사람 - 기타,안전운전불이행,습기,흐림,교차로 - 교차로부근,화물,남,50세,상해없음,보행자,남,39세,중상
2014093000100389,2014년 9월 30일 14시,화요일,세종특별자치시 세종특별자치시 조치원읍,중상사고,0,1,0,0,차대차 - 측면직각충돌,직진우회전진행방해,건조,맑음,교차로 - 교차로안,원동기,남,64세,중상,승용,남,40세,상해없음
2014093000100649,2014년 9월 30일 20시,화요일,세종특별자치시 세종특별자치시 장군면,중상사고,0,1,3,0,차대차 - 측면직각충돌,안전운전불이행,건조,맑음,교차로 - 교차로안,승용,남,32세,경상,승용,여,33세,중상
2014093000100720,2014년 9월 30일 22시,화요일,세종특별자치시 세종특별자치시 조치원읍,중상사고,0,1,0,0,차대차 - 측면직각충돌,신호위반,건조,맑음,교차로 - 교차로안,자전거,남,23세,중상,승용,남,28세,상해없음
2014100200100227,2014년 10월 2일 11시,목요일,세종특별자치시 세종특별자치시 금남면,경상사고,0,0,1,0,차대차 - 기타,안전운전불이행,건조,맑음,기타 - 기타,승용,남,55세,상해없음,승합,남,55세,기타불명
2014100200100260,2014년 10월 2일 12시,목요일,세종특별자치시 세종특별자치시 부강면,중상사고,0,1,1,0,차대차 - 정면충돌,안전운전불이행,건조,맑음,단일로 - 기타,승합,남,36세,경상,화물,남,72세,중상
2014100200100675,2014년 10월 2일 23시,목요일,세종특별자치시 세종특별자치시 대평동,중상사고,0,1,1,0,차대차 - 측면직각충돌,직진우회전진행방해,건조,맑음,교차로 - 교차로안,승용,남,37세,상해없음,승용,여,29세,중상
2014100400100090,2014년 10월 4일 07시,토요일,세종특별자치시 세종특별자치시 조치원읍,경상사고,0,0,1,0,차대사람 - 기타,안전운전불이행,건조,맑음,단일로 - 기타,승용,남,56세,상해없음,보행자,남,23세,경상
2014100400100114,2014년 10월 4일 08시,토요일,세종특별자치시 세종특별자치시 조치원읍,경상사고,0,0,2,0,차대차 - 추돌 - 진행중,직진우회전진행방해,건조,맑음,교차로 - 교차로안,승용,남,41세,상해없음,승용,남,57세,경상
2014100500100085,2014년 10월 5일 06시,일요일,세종특별자치시 세종특별자치시 아름동,경상사고,0,0,5,0,차대차 - 정면충돌,신호위반,건조,맑음,교차로 - 교차로안,승용,남,32세,상해없음,승용,남,57세,경상
2014100500100455,2014년 10월 5일 20시,일요일,세종특별자치시 세종특별자치시 연서면,중상사고,0,1,0,0,차대차 - 측면직각충돌,불법유턴,건조,맑음,단일로 - 기타,승용,남,62세,기타불명,승용,여,44세,중상
2014100600100418,2014년 10월 6일 16시,월요일,세종특별자치시 세종특별자치시 나성동,경상사고,0,0,5,2,차대차 - 측면직각충돌,신호위반,건조,맑음,교차로 - 교차로안,승용,남,29세,부상신고,승합,남,53세,상해없음
2014100600100462,2014년 10월 6일 17시,월요일,세종특별자치시 세종특별자치시 어진동,경상사고,0,0,1,1,차대차 - 추돌 - 진행중,안전거리미확보,건조,맑음,단일로 - 기타,승용,여,34세,부상신고,화물,여,26세,경상
2014100600100463,2014년 10월 6일 17시,월요일,세종특별자치시 세종특별자치시 어진동,중상사고,0,1,0,0,차대사람 - 기타,안전운전불이행,건조,맑음,단일로 - 기타,승합,남,54세,상해없음,보행자,여,57세,중상
2014100800100316,2014년 10월 8일 14시,수요일,세종특별자치시 세종특별자치시 조치원읍,중상사고,0,2,0,0,차대차 - 정면충돌,안전운전불이행,건조,맑음,교차로 - 교차로안,화물,남,39세,상해없음,화물,남,75세,중상
2014100900100358,2014년 10월 9일 15시,목요일,세종특별자치시 세종특별자치시 대평동,중상사고,0,1,0,0,차대차 - 측면직각충돌,신호위반,건조,맑음,교차로 - 교차로안,이륜,남,67세,중상,승용,남,28세,상해없음
2014100900100390,2014년 10월 9일 16시,목요일,세종특별자치시 세종특별자치시 조치원읍,중상사고,0,1,0,0,차대사람 - 횡단중,과속,건조,맑음,단일로 - 기타,화물,남,35세,상해없음,보행자,남,12세,중상
2014100900100575,2014년 10월 9일 21시,목요일,세종특별자치시 세종특별자치시 부강면,사망사고,1,0,3,0,차대차 - 정면충돌,중앙선침범,건조,맑음,단일로 - 기타,원동기,남,56세,사망,승용,남,25세,경상
2014101000100040,2014년 10월 10일 03시,금요일,세종특별자치시 세종특별자치시 금남면,경상사고,0,0,1,0,차대차 - 추돌 - 주정차중,안전운전불이행,건조,맑음,단일로 - 기타,승용,남,42세,경상,승용,남,39세,기타불명
2014101000100100,2014년 10월 10일 07시,금요일,세종특별자치시 세종특별자치시 연서면,사망사고,1,0,0,0,차량단독 - 전도전복,안전운전불이행,건조,맑음,교차로 - 교차로안,농기계,남,65세,사망,,,,
2014101000100193,2014년 10월 10일 09시,금요일,세종특별자치시 세종특별자치시 조치원읍,경상사고,0,0,1,0,차대차 - 기타,안전운전불이행,건조,맑음,교차로 - 교차로부근,원동기,남,87세,경상,승용,남,59세,상해없음
2014101000100672,2014년 10월 10일 21시,금요일,세종특별자치시 세종특별자치시 연동면,부상신고사고,0,0,0,1,차량단독 - 기타,안전운전불이행,건조,맑음,단일로 - 기타,원동기,남,45세,부상신고,,,,
2014101000100706,2014년 10월 10일 22시,금요일,세종특별자치시 세종특별자치시 어진동,중상사고,0,1,0,0,차대차 - 측면직각충돌,신호위반,건조,맑음,교차로 - 교차로안,화물,남,52세,상해없음,원동기,남,71세,중상
2014101100100160,2014년 10월 11일 09시,토요일,세종특별자치시 세종특별자치시 연서면,중상사고,0,1,1,0,차대차 - 기타,안전운전불이행,건조,맑음,단일로 - 기타,승용,남,68세,상해없음,원동기,여,70세,경상
2014101100100224,2014년 10월 11일 11시,토요일,세종특별자치시 세종특별자치시 금남면,경상사고,0,0,1,0,차대사람 - 기타,안전운전불이행,건조,맑음,단일로 - 기타,승용,남,27세,상해없음,보행자,여,35세,경상
2014101100100508,2014년 10월 11일 18시,토요일,세종특별자치시 세종특별자치시 조치원읍,경상사고,0,0,3,0,차대차 - 기타,중앙선침범,건조,맑음,교차로 - 교차로부근,승용,남,54세,상해없음,승용,여,55세,경상
2014101500100390,2014년 10월 15일 16시,수요일,세종특별자치시 세종특별자치시 연서면,중상사고,0,1,0,0,차대차 - 측면직각충돌,중앙선침범,건조,맑음,단일로 - 기타,이륜,남,77세,중상,승용,남,29세,상해없음
2014101600100123,2014년 10월 16일 07시,목요일,세종특별자치시 세종특별자치시 조치원읍,중상사고,0,1,0,0,차대사람 - 기타,안전운전불이행,습기,비,교차로 - 교차로안,승합,남,38세,상해없음,보행자,여,17세,중상
2014101600100380,2014년 10월 16일 15시,목요일,세종특별자치시 세종특별자치시 금남면,경상사고,0,0,1,0,차대차 - 추돌 - 진행중,안전운전불이행,건조,맑음,단일로 - 기타,화물,남,51세,상해없음,이륜,남,71세,경상
2014101600100484,2014년 10월 16일 17시,목요일,세종특별자치시 세종특별자치시 나성동,경상사고,0,0,1,0,차대차 - 추돌 - 진행중,안전운전불이행,건조,맑음,교차로 - 교차로부근,승용,남,60세,상해없음,승용,여,44세,경상
2014101600100671,2014년 10월 16일 22시,목요일,세종특별자치시 세종특별자치시 조치원읍,경상사고,0,0,1,0,차량단독 - 전도전복,안전운전불이행,건조,맑음,단일로 - 교량,승용,남,40세,경상,,,,
2014101700100267,2014년 10월 17일 10시,금요일,세종특별자치시 세종특별자치시 조치원읍,중상사고,0,1,0,0,차대사람 - 기타,중앙선침범,건조,맑음,단일로 - 기타,승용,남,37세,상해없음,보행자,남,40세,중상
2014101800100066,2014년 10월 18일 02시,토요일,세종특별자치시 세종특별자치시 한솔동,중상사고,0,1,0,0,차량단독 - 공작물충돌,안전운전불이행,건조,맑음,교차로 - 교차로안,승용,남,34세,중상,,,,
2014102100100027,2014년 10월 21일 01시,화요일,세종특별자치시 세종특별자치시 전동면,중상사고,0,2,1,0,차대차 - 정면충돌,중앙선침범,습기,비,교차로 - 교차로부근,원동기,남,24세,중상,승용,남,58세,상해없음
2014102100100356,2014년 10월 21일 15시,화요일,세종특별자치시 세종특별자치시 대평동,중상사고,0,1,2,0,차대차 - 측면직각충돌,신호위반,습기,비,교차로 - 교차로안,승용,남,48세,상해없음,승용,남,33세,경상
2014102100100357,2014년 10월 21일 15시,화요일,세종특별자치시 세종특별자치시 조치원읍,경상사고,0,0,1,0,차대차 - 측면직각충돌,신호위반,건조,맑음,교차로 - 교차로안,화물,남,45세,상해없음,승용,남,40세,경상
2014102100100391,2014년 10월 21일 16시,화요일,세종특별자치시 세종특별자치시 어진동,경상사고,0,0,2,0,차대차 - 측면직각충돌,안전운전불이행,습기,비,단일로 - 기타,화물,남,48세,상해없음,승용,여,41세,경상
2014102100100430,2014년 10월 21일 17시,화요일,세종특별자치시 세종특별자치시 한솔동,경상사고,0,0,1,0,차대차 - 추돌 - 주정차중,안전운전불이행,습기,비,단일로 - 기타,승용,여,59세,상해없음,승용,여,34세,경상
2014102100100431,2014년 10월 21일 17시,화요일,세종특별자치시 세종특별자치시 한솔동,경상사고,0,0,1,0,차대사람 - 횡단중,안전운전불이행,습기,비,교차로 - 교차로부근,승용,여,40세,상해없음,보행자,남,8세,경상
2014102100100617,2014년 10월 21일 20시,화요일,세종특별자치시 세종특별자치시 한솔동,중상사고,0,2,3,0,차대차 - 추돌 - 주정차중,안전운전불이행,습기,비,단일로 - 기타,승용,여,63세,상해없음,승용,여,32세,경상
2014102200100037,2014년 10월 22일 01시,수요일,세종특별자치시 세종특별자치시 아름동,경상사고,0,0,1,1,차대차 - 측면직각충돌,직진우회전진행방해,습기,비,교차로 - 교차로안,승용,여,37세,부상신고,승용,여,61세,경상
2014102200100169,2014년 10월 22일 08시,수요일,세종특별자치시 세종특별자치시 종촌동,경상사고,0,0,1,0,차대사람 - 횡단중,안전운전불이행,건조,맑음,교차로 - 교차로부근,승용,여,37세,상해없음,보행자,여,12세,경상
2014102300100284,2014년 10월 23일 12시,목요일,세종특별자치시 세종특별자치시 어진동,중상사고,0,1,3,0,차대차 - 정면충돌,신호위반,건조,맑음,교차로 - 교차로안,승용,남,41세,경상,승용,남,48세,중상